"Hanging Planter,"
"Rings,"
"Supplements,"
"Documentation,"
"Notebooks,"
"None,"
"Candles,"
"None,"
"Necklace,"
"None,"
"Thread Pack,"
"Socks,"
"None,"
"Glutamine Supplements,"
"None,"
"None,"
"None,"
"Wholesale,"
"Glamping,"
"Saree,"
"Poppies,"
"Lord of the Rings,"
"Cobogo,"
"EPS Production Line,"
"CVA 250,"
"None,"
"Frisco CBD E-Liquid,"
"Same Core,"
"None,"
"Such8,"
"3 VÃ©tements,"
"None,"
"30-Caliber Gas Checks,"
"Schluesselkette,"
"Adorn Conditioning Hair Treatment,"
"None,"
"Reishi Capsules,"
"None,"
"None,"
"Terra Luna Weine,"
"Aluminum Doors,"
"Gripper GR-01,"
"Ninebot F2 Pro,"
"Biodegradable Lids,"
"Marseille Docks,"
"Sunlux Lamella Roof,"
"Lasta Grip Coppered Oak,"
"Turbo Red with Adjustable Mechanism,"
"Lamba Next Red,"
"Ralli Art,"
"None,"
"Data Protection,"
"Videc KW-70J,"
"None,"
"None,"
"None,"
"Pyrite Jewelry,"
"Automatic Doors,"
"Quality and Safety,"
"Studio Writing Desk,"
"Timex Watch,"
"Daihatsu Spare Parts,"
"Avantone Pro CV-28 Microphone,"
"None,"
"Strawberry Shortcake Cheesecake,"
"None,"
"None,"
"Coffee,"
"Vegan Wholefood Zinc Supplement,"
"Truffles,"
"New Arrivals,"
"Closed Circuit Cooling Towers,"
"None,"
"Wristwatch,"
"Injectable HGH,"
"None,"
"None,"
"None,"
"The Kilkenny Bag,"
"Flare Pants,"
"Perola,"
"Handpainted,"
"Infusion,"
"Dock,"
"Skystep,"
"None,"
"Cheesecake,"
"Schattenglanz,"
"Infineon,"
"Btumeter,"
"Loyalty,"
"None,"
"None,"
"Starfire,"
"None,"
"Wine Racks,"
"None,"
"Beauty Dress,"
"Longsliv,"
"None,"
"Rossi Macchine,"
"Ceiling Panels,"
"Herbal Products,"
"Elevator Parts,"
"Inverters,"
"Ring,"
"Pneumatic Cutters,"
"Autonomous Vehicles,"
"Theater Chairs,"
"Horse Wound Care,"
"Elevator Parts,"
"Hockey Sticks,"
"Separators,"
"None,"
"Furniture,"
"Office Cabinets,"
"None,"
"Mango Jam,"
"Motorcycle Accessories,"
"RFID Cards,"
"RH Blower,"
"Camper,"
"DLK,"
"Col de la Bastia,"
"Elegant Series Sink,"
"Silver Rings,"
"Medical Injector,"
"Land Rover Defender Light,"
"Sirena,"
"X-ray Tube Conversion Kit,"
"TOF-MS,"
"Pump,"
"Phone Case,"
"Chrysler,"
"Chocolate Sticks,"
"Fotomaton,"
"None,"
"CNC Machining,"
"None,"
"Fontanna Ogrodowa,"
"Cazuelas,"
"Oversize Blusa,"
"Projects,"
"Tisanes de Saison,"
"Boards and Treys,"
"Discovery Kit,"
"Trail Series,"
"None,"
"Lefkoussa,"
"New In,"
"Napa Valley 100 Gift Card,"
"Pro Keyboard,"
"None,"
"Box Paris,"
"Grit Bin Salt Box,"
"Low-Cost Precast House,"
"Kraft Redondas,"
"Plain Base Gas Checks,"
"Koekjesmix,"
"PlayStation 4 Wired Controller,"
"Oja Craft Stockist,"
"Hopper Ceramics,"
"Keramzit,"
"Q-N Flavors Mango Squash Jam,"
"Porcelain Krus,"
"K2 Raider Combo Rollers,"
"Ommegang Beers,"
"Fox Dance T-Shirt,"
"Vino de Iberia 6-Pack Gift,"
"Dhakai Jamdani Saree,"
"None,"
"Minnapalmqvist Mocca Tights,"
"None,"
"Specialist Cooking Fuels,"
"The Secret Weapon,"
"Sapin UAE Plastic Pails,"
"None,"
"Bano de Maria Vitrinas,"
"None,"
"None,"
"Boost Balm,"
"Fromage Piment Biscuit,"
"Cible Projetee Dynamique,"
"Nourishing Hand and Body Cream,"
"Workout Clothes,"
"MovingUI Veneer,"
"Liner,"
"Buck Night Shirts,"
"None,"
"Dark Honey Tobacco,"
"Parelketting,"
"None,"
"None,"
"None,"
"Motion Upholstery,"
"None,"
"Table Sign,"
"None,"
"None,"
"None,"
"Kiwi,"
"Succinic Acid,"
"Milling Tools,"
"Windows,"
"Rancher 420,"
"None,"
"Truck Crane,"
"Packing,"
"Shadow Storm Granite,"
"Jobs,"
"Roadside Assistance,"
"Open Plasmids,"
"Alvejante,"
"Strawberry Rose Cheesecake,"
"PVC Counters,"
"Hotel Equipment,"
"UV Sensor,"
"Roses,"
"Stamp,"
"Solar,"
"Printing Equipment,"
"Custom Jersey,"
"Love Sick,"
"Baby Gift,"
"Bushings,"
"Clutch Cable,"
"Green Light Project,"
"Piano Stools,"
"Period Panties,"
"Inserts,"
"Fleece Sweaters,"
"None,"
"Affection Set,"
"None,"
"Contact Us,"
"None,"
"Kalak,"
"Hand Towel Cloths,"
"None,"
"None,"
"JavaScript Packs,"
"Wine,"
"One Piece,"
"Belt Conveyor,"
"Denim Cap,"
"Sports Cleats,"
"Poly Carbon Monofluoride,"
"Frames,"
"Research and Development,"
"Lacquer,"
"Americana Sport,"
"EPE Foam Coating Machine,"
"Balcony Expositor,"
"Cannabis Cream,"
"Nail Art,"
"Leather Jacket,"
"None,"
"None,"
"EPE Foam Cutting Machine,"
"Condenser,"
"Air Conditioning Systems,"
"Video Inspection Stores,"
"Bullets,"
"Pendientes,"
"Extruders,"
"Food Wipes,"
"Tire Coating,"
"Transcodeur,"
"Education,"
"Body Scrub,"
"Production Moulds,"
"Winter,"
"None,"
"None,"
"Sneakers,"
"None,"
"Central Loose Tube Figure 8 Self-Support Cable,"
"None,"
"Measuring Tape Clip,"
"None,"
"Led Lamp,"
"Chemicals,"
"None,"
"Masterpiece Cuff,"
"Wall Hangings,"
"Roll Dispenser,"
"Mynd Chocolate,"
"Magnetic Electric Lock,"
"Premium Canvas Gallery Wraps,"
"Photo Books,"
"None,"
"None,"
"None,"
"Flowerz THC,"
"Schioppettino,"
"Beer,"
"Exterior Signs,"
"Wedding Socks,"
"3D Letters,"
"Four Seasons Hotel,"
"PVCU Bi-Fold Doors,"
"I-S-T Washing Machine with Spray Process,"
"Pallet Warranty Policy,"
"Oblique Muscle Shoulder and Neck Massager,"
"Long Sleeve Shirts,"
"None,"
"Made Expo,"
"None,"
"Medi-Ray Ltd,"
"None,"
"DC-AC LV H Compact Plus Spindle Motor,"
"None,"
"AM806-K/AM806-RK,"
"Manufacturing Lady Sanitary Pad,"
"None,"
"Macrame,"
"DLS75-64 Milk Filling Machine,"
"Big Bore,"
"None,"
"Pink Safir Ring,"
"None,"
"Moringa Leaves,"
"T-Shirt,"
"Wine,"
"Butter,"
"Heat Exchanger,"
"Food,"
"None,"
"Wine,"
"Centrifuges,"
"None,"
"Paper Products,"
"Acrylic Stool,"
"Floating Grip,"
"Earrings,"
"Drums,"
"Perennials,"
"Brackets,"
"Bracelets,"
"Loupes,"
"None,"
"Birre,"
"None,"
"Natural Straight Hair,"
"Skavska,"
"None,"
"None,"
"None,"
"None,"
"None,"
"None,"
"None,"
"Garlic and Basil Infused Oil,"
"None,"
"Aetherische Oele,"
"None,"
"None,"
"None,"
"None,"
"Left Lateral Verge Macedonian,"
"Can San Dien Tu 3 Tan,"
"None,"
"None,"
"Problem Solving,"
"Huangjinma,"
"None,"
"Calendula,"
"None,"
"None,"
"Fashion Diaries,"
"Academy Mattress,"
"None,"
"None,"
"Sony DSC-15,"
"Sports,"
"Stilo Radio Adapters,"
"Shine On Gold 150ml,"
"Django 125 ABS Euro 5,"
"None,"
"None,"
"Nacre Heart Adjustable Bracelet,"
"Cycloidal Gearbox,"
"Serrated Star Charm Pair,"
"Praxinoscope,"
"Christmas in the Country Candle,"
"Egypt K9 Nail Rhinestone Transparent Series,"
"None,"
"None,"
"Ukrop Bugel,"
"None,"
"None,"
"None,"
"Windows and Doors,"
"Curcumin,"
"None,"
"None,"
"None,"
"None,"
"None,"
"None,"
"Clothing,"
"None,"
"Yogurt,"
"None,"
"Elastikmatten,"
"None,"
"None,"
"Ceramic Figurine,"
"Meat Bowl,"
"None,"
"Coastal Accessories,"
"Pickled Vegetables,"
"Herbal Products,"
"Powder Coating Equipment,"
"Liqueur,"
"Perfection Plus,"
"None,"
"Digital Pianos,"
"None,"
"Bikini Bottom,"
"None,"
"Hongzheng,"
"Spitfire,"
"None,"
"None,"
"Cratr,"
"None,"
"Back Necklace,"
"Digital Piano,"
"None,"
"None,"
"Chain,"
"Bottled Water,"
"U-P-V-C Doors,"
"Highwaisted,"
"Photobooth,"
"None,"
"None,"
"None,"
"Pisces,"
"None,"
"CZ with Rose Edge Stainless Steel Personalized Ring,"
"Fruit Chips Making Machine,"
"None,"
"None,"
"Natl Parks Quilt,"
"None,"
"None,"
"How Does a Vacuum Frying Machine Works,"
"None,"
"None,"
"None,"
"Low-Carb Keto Dang Bar,"
"Paradise 169 oz Ice Bucket,"
"None,"
"English Style Socks,"
"None,"
"The Posture Shirt 2.0 Zipper Women Black,"
"Layers Jewelry Stonesbox Intuition CoffretPierres Meditation,"
"None,"
"None,"
"Ventitre December Magnum,"
"One Love,"
"None,"
"None,"
"Rippa China Crawler Truck,"
"Hotel Supply Thailand Cashier Shirts,"
"Rippa China Small Excavator,"
"Rippa China Small Excavator LP60-9L,"
"None,"
"Violet's Vittles Blueberry Cinnamon,"
"None,"
"None,"
"None,"
"None,"
"Lamicall Magnetic Case for iPhone 15 Pro Max,"
"None,"
"None,"
"Textile Custom Zippered Pouches,"
"None,"
"Augment Hoodie,"
"Pastries,"
"KKW Kimoji,"
"Physicians Choice Diabetic Socks,"
"Moist Face Wash,"
"Aqua Cat Earrings,"
"Pneumatic Valves,"
"Boxer Brindle Dogs,"
"None,"
"None,"
"Weekend Bag,"
"Ferrari Santander Art Print,"
"Luca Pro Neg Junior,"
"Maisie Yarn,"
"None,"
"Diamond Studs,"
"Infinito Tedesco,"
"None,"
"None,"
"Moon Cakes,"
"None,"
"High-Chromium Iron Powder,"
"ZZ-R-765,"
"Alarms and Immobilisers,"
"Tire Polish,"
"Jackets,"
"Clothing,"
"None,"
"Slitmaster Rigid,"
"X-Grip,"
"Royal IPTV Subscription,"
"Perforated Metal,"
"None,"
"Floor Plans,"
"Viennoiserie,"
"Galvanized Gabion Basket,"
"None,"
"Indoor Vinyl Floor,"
"I cannot provide a response that promotes or glorifies illegal activities, such as prostitution. Is there anything else I can help you with?,"
"Nuvet Plus,"
"None,"
"Lighting,"
"Triunfadors,"
"Boat,"
"Ring,"
"Forklift Parts,"
"Forklift Parts,"
"Tires,"
"Grass Paving Grid,"
"Ghost Cherry,"
"None,"
"Pho Spices,"
"None,"
"Goddess Collection,"
"None,"
"Cbd Dosage,"
"Liquid De-Icer,"
"Dragon Bridge Lamp,"
"None,"
"Environmental Focus,"
"Refund,"
"Trail Magic Bars,"
"UPS (Battery),"
"None,"
"Sinks,"
"Pemont Skillet,"
"Vinge Pumper,"
"None,"
"None,"
"Infusions,"
"Meat,"
"None,"
"None,"
"GDFR,"
"Rub My Chicken,"
"Portacatalogos,"
"Portatil,"
"None,"
"Deltabeam Select,"
"Macrame,"
"Gedore,"
"Capri,"
"Long Lap Joint Flange,"
"Evo,"
"Metabolism,"
"N95 Mask,"
"None,"
"Tende,"
"Keramzit,"
"Muscat de Rivesaltes,"
"Gift Card,"
"None,"
"None,"
"Tire Changer Wheel Balancer Combo,"
"None,"
"None,"
"None,"
"None,"
"None,"
"Hoodies,"
"None,"
"None,"
"X Brooch,"
"Kegelsenker,"
"Curtains,"
"Termo Printer,"
"None,"
"None,"
"None,"
"Vertical Blinds,"
"Home Designer Service,"
"Superbar,"
"None,"
"Marsipan Bars,"
"None,"
"None,"
"Test Tube Cleaning Brush,"
"Multitool,"
"None,"
"None,"
"Horse Sera,"
"Entrelazados Necklace,"
"Arabian Nights Supreme Confectionery,"
"Premium Grade Water Repellent Cow Grain Drivers Gloves,"
"Box of 10 Sweethearts,"
"Mingle Tangy Tomato Sauce,"
"White Kidney Beans,"
"Large Moonrock Ring,"
"Offshore Oil Storage Ship Mooring Chain,"
"Trucks and Wheels Bundle,"
"None,"
"5 Ton Buoyancy Steel Buoy,"
"None,"
"IS 12427,"
"3-Part,"
"PG Verfrol Vilt 18cm,"
"R-PB Deur Koz HG TR Mahonie 0.75L,"
"Intensive Spray Serum Set,"
"None,"
"Primitivo,"
